Company,Stage,Round (USD),Category,Source,Notes
Allie AI,Seed,$5,200,000,Manufacturing AI / factory intelligence,thesaasnews.com,Seed-stage comp
Manex AI,Seed,$9,300,000,Industrial quality / autonomous factories,PRNewswire,~€8M converted
Matta,Seed,$14,000,000,Industrial AI / sentient factories,tech.eu,Seed-stage comp
Atomic Industries,Seed,$17,000,000,AI-enabled manufacturing,TechCrunch,Seed-stage comp
EthonAI,Series A,$16,500,000,Manufacturing analytics,Index Ventures,Growth-stage context
Cogna,Series A,$15,000,000,AI enterprise software,TechCrunch,Growth-stage context
Daedalus,Series A,$21,000,000,AI precision manufacturing,TechCrunch,Growth-stage context
Guidewheel,Series B,$31,000,000,FactoryOps AI,BusinessWire,Growth-stage context
Tractian,Series C,$120,000,000,Industrial AI / maintenance,tractian.com,Growth-stage context
