Category,Value,Note
Round Size,$2,500,000,Seed round
Pre-Money Valuation,$12,000,000,Recommended
Post-Money Valuation,$14,500,000,Pre + Round
Investor Ownership,17.24%,Round / Post-Money
Contracted Revenue,$700,000,Jan–Jun. Not ARR.
NDA/LOI Pipeline,$300,000,Signed NDA or LOI
Active Conversations Pipeline,$800,000,Qualified manufacturers
Total Commercial Visibility,$1,800,000,Not ARR
Probability-Weighted Visibility,$1,080,000,100% / 60% / 25% weights
Pre/Contracted Multiple,17.1x,$12M / $700K
Pre/Weighted Multiple,11.1x,$12M / $1.08M
Pre/Total Visibility Multiple,6.7x,$12M / $1.8M
